<updates>
	<update>
		<name><![CDATA[ Phoca Font ]]></name>
		<description><![CDATA[ Phoca Font is Joomla! CMS component. It adds support for using internal and external fonts in your Joomla! site. Phoca Font supports variable fonts. Variable font is a specification that enables many different variations of a typeface to be incorporated into a single file. External fonts are fonts listed in Google Fonts directory and such fonts can be displayed on your website. ]]></description>
		<element>com_phocafont</element>
		<type>component</type>
		<version>3.0.4</version>
		<infourl title="Phoca Font 3.0.4">http://www.phoca.cz/version/index.php?phocafont=3.0.4</infourl>
		<downloads>
			<downloadurl type="full" format="zip">https://github.com/PhocaCz/PhocaFont/releases/download/3.0.4/com_phocafont_v3.0.4.zip</downloadurl>
		</downloads>
		<tags>
			<tag>stable</tag>
		</tags>
		<maintainer><![CDATA[ Phoca.cz ]]></maintainer>
		<maintainerurl>https://www.phoca.cz/</maintainerurl>
		<section>Updates</section>
		<targetplatform name="joomla" version="3.([89]|10)"/>
		<client>administrator</client>
	</update>
	<update>
		<name><![CDATA[ Phoca Font ]]></name>
		<description><![CDATA[ Phoca Font is Joomla! CMS component. It adds support for using internal and external fonts in your Joomla! site. Phoca Font supports variable fonts. Variable font is a specification that enables many different variations of a typeface to be incorporated into a single file. External fonts are fonts listed in Google Fonts directory and such fonts can be displayed on your website. ]]></description>
		<element>com_phocafont</element>
		<type>component</type>
		<version>4.0.0</version>
		<infourl title="Phoca Font 4.0.0">http://www.phoca.cz/version/index.php?phocafont=4.0.0</infourl>
		<downloads>
			<downloadurl type="full" format="zip">https://github.com/PhocaCz/PhocaFont/releases/download/4.0.0/com_phocafont_v4.0.0.zip</downloadurl>
		</downloads>
		<tags>
			<tag>stable</tag>
		</tags>
		<maintainer><![CDATA[ Phoca.cz ]]></maintainer>
		<maintainerurl>https://www.phoca.cz/</maintainerurl>
		<section>Updates</section>
		<targetplatform name="joomla" version="4.[012]"/>
		<client>administrator</client>
	</update>
</updates>
