<?xml version="1.0" encoding="utf-8"?>
<access component="com_phocafont">
	<section name="component">
		<action name="core.admin" title="JAction_Admin" description="JAction_Admin_Component_Desc" />
		<action name="core.manage" title="JAction_Manage" description="JAction_Manage_Component_Desc" />
		<action name="core.create" title="JAction_Create" description="JAction_Create_Component_Desc" />
		<action name="core.delete" title="JAction_Delete" description="JAction_Delete_Component_Desc" />
		<action name="core.edit" title="JAction_Edit" description="JAction_Edit_Component_Desc" />
		<action name="core.edit.state" title="JACTION_EDITSTATE" description="JAction_EditState_Component_Desc" />
	</section>
</access>