<?xml version="1.0" encoding="utf-8"?>
<extension method="upgrade" type="component" version="1.7.0">
	<name>com_phocafont</name>
	<author>Jan Pavelka (www.phoca.cz)</author>
	<creationDate>07/12/2011</creationDate>
	<authorEmail></authorEmail>
	<authorUrl>www.phoca.cz</authorUrl>
	<copyright>Jan Pavelka</copyright>
	<license>GNU/GPL</license>
	<version>2.0.2</version>
	<description>Phoca Font</description>

	<install>
		<sql>
			<file driver="mysql" charset="utf8">install.sql</file>
		</sql>
	</install>

	<uninstall>
		<sql>
			<file driver="mysql" charset="utf8">uninstall.sql</file>
		</sql>
	</uninstall>

	<installfile>install.phocafont.php</installfile>

	<uninstallfile>uninstall.phocafont.php</uninstallfile>

	<files folder="site">
		<filename>index.html</filename>
		<filename>metadata.xml</filename>
	</files>

	<languages>
		<language tag="en-GB" client="site">language/en-GB/en-GB.com_phocafont.ini</language>
		<language tag="en-GB" client="site">language/en-GB/en-GB.com_phocafont.sys.ini</language>
	</languages>

	<administration>
		<menu img="components/com_phocafont/assets/images/icon-16-pfont-menu.png" link="option=com_phocafont">COM_PHOCAFONT</menu>
		<submenu>
			<menu img="components/com_phocafont/assets/images/icon-16-pfont-cp.png" alt="COM_PHOCAFONT_CONTROLPANEL" view="phocafontcp" link="option=com_phocafont">COM_PHOCAFONT_CONTROLPANEL</menu>
			<menu img="components/com_phocafont/assets/images/icon-16-pfont-font.png" alt="COM_PHOCAFONT_FONTS" view="phocafontfonts" link="option=com_phocafont&amp;view=phocafontfonts">COM_PHOCAFONT_FONTS</menu>
			<menu img="components/com_phocafont/assets/images/icon-16-pfont-info.png" alt="COM_PHOCAFONT_INFO" view="phocafontinfo" link="option=com_phocafont&amp;view=phocafontinfo">COM_PHOCAFONT_INFO</menu>
		</submenu>

		<files folder="admin">
			<filename>access.xml</filename>
			<filename>config.xml</filename>
			<filename>controller.php</filename>
			<filename>index.html</filename>
			<filename>install.bak.sql</filename>
			<filename>install.phocafont.php</filename>
			<filename>install.sql</filename>
			<filename>phocafont.php</filename>
			<filename>phocafont.xml</filename>
			<filename>uninstall.phocafont.php</filename>
			<filename>uninstall.sql</filename>
			<folder>assets</folder>
			<folder>controllers</folder>
			<folder>help</folder>
			<folder>helpers</folder>
			<folder>models</folder>
			<folder>tables</folder>
			<folder>views</folder>
		</files>

		<languages>
			<language tag="en-GB">language/en-GB/en-GB.com_phocafont.ini</language>
			<language tag="en-GB">language/en-GB/en-GB.com_phocafont.sys.ini</language>
		</languages>

	</administration>
</extension>
