<?xml version="1.0" encoding="utf-8"?>
<extension type="component" method="upgrade" version="3">
	<name>com_phocafont</name>
	<author>Jan Pavelka (www.phoca.cz)</author>
	<creationDate>22/02/2019</creationDate>
	<authorEmail></authorEmail>
	<authorUrl>https://www.phoca.cz</authorUrl>
	<copyright>Jan Pavelka</copyright>
	<license>GNU/GPL</license>
	<version>3.0.4</version>
	<description>COM_PHOCAFONT_XML_DESCRIPTION</description>
	<scriptfile>script.php</scriptfile>
	<projectName>PhocaFont</projectName>

	<install>
		<sql>
			<file driver="mysql" charset="utf8">install/sql/mysql/install.utf8.sql</file>
		</sql>
	</install>

	<uninstall>
		<sql>
			<file driver="mysql" charset="utf8">install/sql/mysql/uninstall.utf8.sql</file>
		</sql>
	</uninstall>

	<update>
		<schemas>
			<schemapath type="mysql">update/sql/mysql</schemapath>
		</schemas>
	</update>

	<files folder="site">
		<folder>fonts</folder>
		<filename>index.html</filename>
		<filename>metadata.xml</filename>
	</files>

	<media destination="com_phocafont" folder="media">
		<folder>css</folder>
		<folder>images</folder>
		<filename>index.html</filename>
	</media>

	<languages folder="admin/language">
		<language tag="en-GB" client="site">en-GB/en-GB.com_phocafont.ini</language>
		<language tag="en-GB" client="site">en-GB/en-GB.com_phocafont.sys.ini</language>
	</languages>

	<administration>

		<menu img="media/com_phocafont/images/administrator/icon-16-pfont-menu.png" alt="COM_PHOCAFONT" link="option=com_phocafont">COM_PHOCAFONT</menu>

			<submenu>
				<menu img="media/com_phocafont/images/administrator/icon-16-pfont-cp.png" alt="COM_PHOCAFONT_CONTROLPANEL" view="phocafontcp" link="option=com_phocafont">COM_PHOCAFONT_CONTROLPANEL</menu>
				<menu img="media/com_phocafont/images/administrator/icon-16-pfont-font.png" alt="COM_PHOCAFONT_FONTS" view="phocafontfonts" link="option=com_phocafont&amp;view=phocafontfonts">COM_PHOCAFONT_FONTS</menu>
				<menu img="media/com_phocafont/images/administrator/icon-16-pfont-info.png" alt="COM_PHOCAFONT_INFO" view="phocafontinfo" link="option=com_phocafont&amp;view=phocafontinfo">COM_PHOCAFONT_INFO</menu>
			</submenu>

		<files folder="admin">
			<folder>controllers</folder>
			<folder>help</folder>
			<folder>helpers</folder>
			<folder>install</folder>
			<folder>models</folder>
			<folder>tables</folder>
			<folder>update</folder>
			<folder>views</folder>
			<filename>access.xml</filename>
			<filename>config.xml</filename>
			<filename>controller.php</filename>
			<filename>index.html</filename>
			<filename>phocafont.php</filename>
		</files>

		<languages folder="admin/language">
			<language tag="en-GB">en-GB/en-GB.com_phocafont.ini</language>
			<language tag="en-GB">en-GB/en-GB.com_phocafont.sys.ini</language>
		</languages>
	</administration>
	
	

	<updateservers>
		<server type="extension" name="COM_PHOCAFONT" priority="1"><![CDATA[https://raw.githubusercontent.com/PhocaCz/PhocaFont/master/manifest.xml]]></server>
	</updateservers>
</extension>
